document_id,top_sentences
0,"TEMPO.CO, Jakarta - Anggota Komisi VII DPR RI Rofik Hananto menyayangkan terjadinya insiden kebakaran yang disebabkan oleh bocornya depo Plumpang, Jakarta Utara, pada Jumat, 3 Maret 2023. Pertamina harus tanggung jawab,"" kata dia dalam keterangan di Jakarta Sabtu, 4 Maret 2024.Rofik mengatakan Pertamina serta pihak terkait harus memastikan keselamatan dan keamanan warga yang tinggal di sekitar lokasi.Pipa BBM yang terbakar itu merupakan bagian dari Terminal Bahan Bakar Minyak (TBBM) Plumpang. ""Investigasi menyeluruh dan tuntas, serta meminta komitmen Pertamina memperbaiki sistem keamanan kilang minyak maupun depo BBM, seringnya kebakaran terjadi mengindikasikan Pertamina abai terhadap pengamanan kilang,"" ujarnya.Pilihan Editor:Profil Depo Pertamina Plumpang, Pemasok 20 Persen Pasokan BBM di Seluruh Indonesia"
1,"Tapi, Presiden sudah berkoordinasi dengan Wapres yang akan meninjau hari ini,"" ujar Deputi Bidang Protokol, Pers, dan Media Sekretariat Presiden Bey Machmudin saat dihubungi, Sabtu, 4 Februari 2023.Selain memerintahkan Ma'ruf Amin, Bey menyebut Jokowi juga telah memberikan arahan kepada Kapolri Jenderal Listyo Sigit Prabowo, Menteri BUMN Erick Thohir, dan Penjabat Gubernur DKI Jakarta Heru Budi Hartono soal kunjungan ke lokasi. ""Intinya Presiden minta untuk mengutamakan evakuasi korban dan penanganan warga terdampak,"" kata Bey.Kronologi KebakaranDepo Pertamina di Plumpang, Jakarta Utara, terbakar pada Jumat malam, 3 Maret 2023, pukul 20.20 WIB. ""Penyebab kejadian masih dalam proses investigasi,"" kata Area Manager Communication, Relation & CSR Pertamina Patra Niaga Regional Jawa Bagian Barat Eko Kristiawan.Eko juga menambahkan pihaknya saat ini fokus pada penanganan kebakaran pipa penerimaan BBM di Integrated Terminal BBM Jakarta, Plumpang.Setidaknya 17 orang dilaporkan meninggal dunia akibat insiden ini."
2,"Pertemuan tersebut berlangsung di Ruang Kerja Wakil Ketua MPR Gedung Nusantara III Komplek Senayan, Jumat, 3 Maret 2023.Delegasi Paguyuban First Travel Indonesia dipimpin Abdul Rasyid SIQ, S. Thi, M.Si., Salah satu tujuan Kedatangan perwakilan mereka bertemu HNW, adalah untuk meminta bantuan dan dukungan terkait Putusan Kasasi Mahkamah Agung Nomor: 365 PK/Pid.Sus/2022 tanggal 23 Mei 2022.Dalam PK, itu Mahkamah Agung (MA) memutuskan bahwa seluruh aset dalam kasus PT First Anugerah Karya Wisata (First Travel) dikembalikan ke jamaah atau korban. Kami berharap pemerintah hadir dalam perkara ini, dan bertanggungjawab memberangkatkan seluruh jamaah umroh korban first Travel, sebagaimana pernah mereka janjikan, ujar Abdul.Wakil Ketua MPR Hidayat Nur Wahid menyampaikan rasa prihatin dan ikut bersimpati terhadap jamaah umroh yang gagal diberangkatkan biro perjalanan Haji dan Umroh First Travel. Sayangnya persoalan haji lebih mendapat perhatian dibanding ibadah Umroh.Ini memang belum adil, pemerintah masih memberikan perhatiannya lebih besar kepada persoalan haji dari pada persoalan calon jemaah Umroh, kata HNW.Hidayat mendukung calon jamaah Umroh yang tergabung dalam Paguyuban First Travel Indonesia, tetap berusaha menuntut haknya agar bisa melaksanakan ibadah umroh."
3,"Tim Dokkes Polri juga telah mendirikan posko DVI di Rumah Sakit Polri Kramat Jati.Dedi menuturkan tim Labfor hari ini sedang berkoordinasi dengan Bareskrim dan Ditreskrimum Polda Metro Jaya untuk menyelidiki penyebab kebakaran dan melakukan olah Tempat Kejadian Perkara (TKP). Alat yang kita gunakan toolkid kebakaran, drone, alat ambil sampel abu arang dan gunakan teknologi remote sensing,"" ujarnya.Sementara untuk tim Inafis hari ini mem-back up Polda Metro untuk olah TKP bersama Labfor dan bersama tim DVI Dokkes untuk melakukan proses identifikasi korban meninggal dunia di Rumah Sakit Polri Kramat Jati.Sementara itu, untuk di lokasi kebakaran, Dedi mengatakan, Polri melakukan pengamanan terhadap lokasi kebakaran baik di Depo Plumpang, maupun lokasi rumah warga terdampak yang ditinggal mengungsi.Polri juga mendirikan posko tanggap darurat kebakaran secara terpadu dan pengaduan orang hilang di depan halaman Koramil Koja. ""Mendirikan dapur umum di Pos Polisi oleh Sat Brimobda PMJ dan membantu posko pengungaian BPBD,"" katanya.Pilihan Editor:Profil Depo Pertamina Plumpang, Pemasok 20 Persen Pasokan BBM di Seluruh Indonesia"
4,"""Selamat kepada sahabat saya Ahmad Sahroni yang telah terpilih sebagai Ketua Umum HDCI periode 2023-2028 pada Musyawarah Nasional Luar Biasa tanggal 27-28 Januari 2023 di Bali,"" kata Bamsoet saat membuka Rapat Kerja Nasional (Rakernas) HDCI dan pelantikan pengurus pusat HDCI periode 2023-2028 di Semarang, Jumat malam, 3 Maret 2023.Bamsoet yakin dan percaya dengan pengalaman dan wawasan organisasi yang luas, kemampuan membangun networking yang handal, serta kecintaan yang tulus pada dunia otomotif, Ahmad Sahroni memiliki segala kualifikasi. Abiyoso Seno Aji, Dirjen Administrasi Hukum Umum Kemenkumham Cahyo Rahadian Muzhar, Kajati DKI Jakarta Reda Manthovani dan Kajati Jawa Tengah I Made Suarnawan.Ketua DPR RI ke-20 dan mantan Ketua Komisi III DPR RI bidang Hukum, HAM, dan Keamanan ini menjelaskan, sejak didirikan pada 28 Mei 1990, HDCI terus tumbuh dan berkembang hingga memiliki puluhan ribu anggota yang tersebar di seluruh wilayah nusantara. ""Salah satunya melalui implementasi konsep sport automotive tourism yang menyatukan aktivitas otomotif dengan upaya memajukan sektor pariwisata, sehingga dapat mendorong geliat perekonomian rakyat, khususnya para pelaku UMKM di daerah,"" ujar Bamsoet.Ketua Umum Pengurus Besar Keluarga Olahraga Tarung Derajat dan Wakil Ketua Umum Pemuda Pancasila menilai kiprah dan kontribusi HDCI yang telah dilakukan memiliki makna mendalam, khususnya ditengah masih adanya pandangan negatif dari sebagian masyarakat terhadap keberadaan klub motor besar."
5,"""Daerah ini akan ditata ulang supaya lebih teratur, lebih baik, aman, dan memenuhi persyaratan sebagai suatu daerah yang berada di wilayah Ibu Kota,"" kata Ma'ruf.Kronologi Kebakaran PlumpangKebakaran depo Pertamina Plumpang terjadi pada Jumat malam, 3 Maret 2023, pukul 20.20 WIB. Kepala Dinas Penanggulangan Kebakaran dan Penyelamatan DKI Jakarta, Satriadi Gunawan, mengatakan, objek kebakaran tersebut adalah pipa bensin.Sementara itu, berdasarkan kesaksian warga, tercium aroma bensin yang menyengat sebelum kebakaran terjadi. ""Penyebab kejadian masih dalam proses investigasi,"" kata Area Manager Communication, Relation & CSR Pertamina Patra Niaga Regional Jawa Bagian Barat Eko Kristiawan.Eko juga menambahkan pihaknya saat ini fokus pada penanganan kebakaran pipa penerimaan BBM di Integrated Terminal BBM Jakarta, Plumpang."
6,"INFO NASIONAL  Memperingati 14 tahun PT Sarana Multi Infrastruktur (Persero), Menteri Keuangan Republik Indonesia Sri Mulyani Indrawati beserta jajaran berkunjung ke kantor PT SMI, Jumat, 3 Maret 2023.Tujuan Sri Mulyani ke PT SMI untuk berdialog dengan para karyawan yang disebut sebagai SMIers mengenai bagaimana semangat SMIers, yang mayoritas adalah generasi muda untuk berkontribusi dalam membangun Indonesia secara berkelanjutan.Peran SMIers untuk menghadapi tantangan ekonomi dalam skala daerah, nasional, dan global yang akan dihadapi ke depan sangat krusial melalui perannya masing-masing sebagai bagian dari PT SMI, salah satu Special Mission Vehicles Kementerian Keuangan.Sri Mulyani memberi apresiasi atas peningkatan portfolio pembiayaan kepada pemerintah daerah yang berkembang pesat. Hal ini penting agar ke depan, tidak ada lagi terminologi daerah terpencil, daerah terluar dan daerah tertinggal di Indonesia, ujarnya.Ia melanjutkan, PT SMI memiliki peran yang sangat strategis dalam memenuhi kebutuhan pembiayaan pembangunan, sehingga diharapkan transformasi PT SMI menjadi Development Financial Institution menjadi ladang untuk menciptakan jejak peninggalan bagi pembangunan.Direktur Utama PT SMI Edwin Syahruzad memberi paparan kepada Menteri Keuangan mengenai capaian kinerja serta milestone yang berhasil dijalankan selama 14 tahun berdirinya PT SMI.Dalam mencapai target ini, sejak pendiriannya pada tahun 2009, PT SMI telah melaksanakan berbagai inovasi dan kreasi pembiayaan infrastruktur dalam rangka menjadi katalis pembiayaan pembangunan nasional melalui tiga pilar bisnis utama yaitu Pembiayaan dan Investasi, Jasa Konsultasi dan Pengembangan Proyek. Terdapat tiga program utama yang akan menjadi fokus, yaitu program research & fellowship, capacity building & training, serta knowledge sharing.Kami menyusun tiga program utama untuk pemerintah daerah sebagai pelengkap pembiayaan pembangunan daerah yang inklusif dan berkelanjutan ucap Edwin.Momentum Presidensi G20 Indonesia 2022 juga menjadi ajang PT SMI dalam menunjukkan kapabilitasnya untuk mendukung pemerintah demi mengatasi tantangan global khususnya dampak perubahan iklim (climate change).Kepercayaan Pemerintah untuk menunjuk PT SMI sebagai Country Platform Manager undalamtuk mengelola pembiayaan mekanisme transisi energi di Indonesia pada Presidensi G20 Indonesia 2022 di Bali merupakan bentuk apresiasi Kementerian Keuangan atas capaian platform SDG Indonesia One  sebuah platform blended finance untuk membiayai proyek-proyek adaptasi dan mitigasi perubahan iklim - yang telah dikelola oleh PT SMI sejak 2018.PT SMI sejauh ini telah berhasil meningkatkan reputasi Indonesia di mata dunia, melalui perannya sebagai Energy Transition Mechanism Country Platform Manager."
7,"Sebab itu, lembaga yang berwenang terhadap pemilihan eksekutif dan yudikatif itu diminta tidak melaksanakan sisa tahapan Pemilu 2024.Menghukum tergugat (KPU) untuk tidak melaksanakan sisa tahapan Pemilihan Umum 2024 sejak putusan ini diucapkan dan melaksanakan tahapan Pemilihan Umum dari awal selama lebih kurang 2 tahun 4 bulan tujuh hari, seperti dikutip dari salinan putusan, Kamis, 2 Maret 2023.Berikut sejumlah deretan wacana Jokowi 3 periode yang pernah digaungkan sejumlah pihak:1. Padahal, Pasal 7 inilah yang diturunkan menjadi UU Pemilu.Pemohon berkesimpulan bahwa lebih besar mudharat ketimbang manfaat dari adanya aturan pembatasan jabatan presiden, demikian bunyi salah satu poin alasan Herifuddin dalam perkara nomor 4/PUUXXI/2023 ini.2. Bahlil dalam acara rilis temuan survei Indikator Politik Indonesia pada Senin, 10 Januari 2022 menyebut para pelaku usaha di Indonesia ingin agar Pemilu 2024 diundur."
8,"TEMPO.CO, Jakarta -Markas Besar Kepolisian Republik Indonesia turun tangan menyelidiki penyebab Kebakaran Depo Pertamina Plumpang, Jakarta Utara.Kepala Divisi Hubungan Masyarakat Mabes Polri Irjen Dedi Prasetyo mengatakan tim sudah diterjunkan ke lapangan. Alat yang kita gunakan toolkid kebakaran, drone, alat ambil sampel abu arang dan gunakan teknologi remote sensing,"" kata Dedi pada Sabtu 4 Maret 2023.Selain menyelidiki penyebab kebakaran, Dedi mengatakan Mabes Polri membantu proses evakuasi dan identifikasi korban. ""Mendirikan dapur umum di Pos Polisi oleh Sat Brimobda PMJ (Polda Metro Jaya) dan membantu posko pengungsian BPBD,"" kata dia.Pilihan Editor: Kebakaran Depo Pertamina Plumpang Cuatkan Kembali Isu Lama Buffer Zone, Ini Faktanya"
9,"Heru pernah jadi Wali Kota Jakarta Utara 2014-2015 di era Gubernur DKI Jokowi, lalu berlanjut ke era Gubernur DKI Basuki Tjahaja Purnama alias Ahok.Sekretaris Daerah DKI Jakarta Joko Agus Setyono mengatakan Pemerintah Provinsi akan berkerja sama dengan Pertamina untuk melanjutkan rencana pembuatan buffer zone di kawasan Depo Pertamina Plumpang, Rawa Badak Selatan, Jakarta Utara. ""Pemerintah pusat mentargetkan 2009 ini buffer zone selesai dibangun,"" kata Walikota Jakarta Utara, Bambang Sugiyono di ruang kerjanya, akhir pekan lalu.Proses pembangunan dan pembebasan lahan di Tanah Merah, kata Bambang, dilakukan oleh Tim Penataan Depo Plumpang yang duduk sebagai penanggung jawab adalah Gubernur DKI Fauzi Bowo, dan Wakil Gubernur Prijanto sebagai pelaksana. Tapi mereka faktanya ada di tempat ini sudah puluhan tahun,"" kata Anies Baswedan di Kampung Tanah Merah, Sabtu, 16 Oktober 2021.Pertamina enggan berkomentar lebih lanjut ketika ditanya mengenai status lahan di Kampung Tanah Merah yang ikut dilalap api kebakaran Depo Pertamina Plumpang, Jakarta Utara.Fokus kami saat ini penanganan warga, kata Vice President Corporate Communication PT Pertamina Persero Fadjar Djoko Santoso kepada Tempo pada Sabtu.Pilihan Editor:Depo Pertamina Plumpang Bahaya Dekat Pemukiman, Jokowi: Digeser ke Reklamasi atau Warga Direlokasi"
10,"TEMPO.CO, Jakarta - Menteri BUMN Erick Thohir, Penjabat Gubernur DKI Jakarta Heru Budi Hartono, dan Direktur Utama Pertamina Nicke Widyawati siang ini langsung menggelar rapat di Depo Plumpang, Jakarta Utara, setelah diperintah Presiden Joko Widodo atau Jokowi. ""Ini mau rapat di sana, ini rapat langsung,"" kata Erick usai menemani Jokowi yang mengunjungi para pengungsi kebakaran Depo Pertamina di RPTRA Rasela, Koja, Jakarta Utara, Ahad 5 Maret 2023.Jokowi datang bersama Erick, Heru yang juga Kepala Sekretariat Presiden, dan Nicke. ""Karena barang-barang didalamnya barang-barang yang sangat bahaya untuk berdekatan dengan masyarakat, apalagi dengan pemukiman penduduk,"" kata dia.Wapres usul depo dipindah ke PelabuhanKebakaran terjadi Jumat malam, 3 Maret 2023, yang menewaskan 17 orang dan 600 lebih mengungsi."
11,"Dalam hal ini untuk melihat apakah memang benar sesuai dengan apa yang mereka yakini atau di balik ini memang ada sesuatu yang terjadi,"" katanya.Peneliti Indonesia Corruption Watch (ICW) Kurnia Ramadhana mengatakan kecurigaan penundaan Pemilu 2024 adalah hal yang wajar karena sebelumnya Menko Marinves Luhut Binsar Pandjaitan, hingga Ketua MPR Bambang Soesatyo yang pernah mengungkapkan wacana penundaan Pemilu 2024 ke publik. Lalu ada Bahlil menteri BKPM kemudian baru-baru ini ada Ketua MPR Bambang Susatyo,"" ujarnya.Sebelumnya, Juru Bicara Komisi Yudisal (KY) Miko Ginting menyampaikan pihaknya tengah mendalami putusan Hakim Pengadilan Negeri Jakarta Pusat perihal putusanpenundaan Pemilupada persidangan perdata Partai Prima 2 Maret 2023. Perintah tersebut tertuang dalam putusan perdata yang diajukanPartai Primadengan tergugat Komisi Pemilihan Umum.Menghukum tergugat (KPU) untuk tidak melaksanakan sisa tahapan Pemilihan Umum 2024 sejak putusan ini diucapkan dan melaksanakan tahapan Pemilihan Umum dari awal selama lebih kurang 2 tahun 4 bulan tujuh hari, seperti dikutip dari salinan putusan, Kamis, 2 Maret 2023.Putusan tersebut dibacakan oleh Majelis Hakim pada Kamis, 2 Maret 2023."
12,"TEMPO.CO, Bogor - Ketua Umum Partai Nasional Demokrat (Nasdem) Surya Paloh mendapatkan sambutan hangat saat menyambangi kediaman Ketua Umum Partai Gerakan Indonesia Raya (Gerindra) Prabowo Subianto, di Hambalang, Babakan Madang, Kabupaten Bogor pada Ahad, 5 Maret 2023. ""Pertemuan nya tertutup,"" ucap salah satu tim media dari Gerindra, Adam, saat menjumpai pewarta.Dari video dan foto yang dibagikan tim media Gerindra, Surya Paloh langsung di sambut sang empunya rumah, Prabowo Subianto. Menteri Pertahanan itu didampingi Ketua Harian DPP Gerindra Sufmi Dasco Ahmad dan Wakil Ketua Umum Gerindra Sugiono.Sementara dalam rombongan Surya Paloh terlihat Wakil Ketua Dewan Pakar DPP Partai NasDem, Peter F Ghonta.Selesai bersalaman, para petinggi kedua partai langsung masuk ke dalam rumah Prabowo."
13,"""Kami meyakini KPU dengan berbagai argumentasinya mengajukan banding, Insya Allah di tingkat banding tidak ada lagi hal yang menggangu tahapan Pemilu,"" ungkapnya saat ditemui usai acara Sosialisasi Empat Pilar MPR dan Sarsehan Nasional Pengentasan Buta Aksara Quran Nasional dengan Dewan Pengurus Pusat Lembaga Pembinaan Qiroatil Quran Indonesia (LPQQ), di lobi DPR RI, Jakarta Pusat pada Minggu, 5 Maret 2023.PAN menolak penundaan PemiluYandri yang merupakan kader dari Fraksi Partai Amanat Nasional pun dengan tegas menyatakan kalau pihaknya tidak setuju dengan adanya penundaan pemilu. Majelis hakim juga memerintahkan KPU untuk mengulang seluruh tahapan pemilu sejak awal.Menghukum tergugat (KPU) untuk tidak melaksanakan sisa tahapan Pemilihan Umum 2024 sejak putusan ini diucapkan dan melaksanakan tahapan Pemilihan Umum dari awal selama lebih kurang 2 tahun 4 bulan tujuh hari, seperti dikutip dari salinan putusan, Kamis, 2 Maret 2023.Selain menunda pemilu, hakim juga menghukum KPU membayar ganti rugi materiil sebanyak Rp 500 juta. Pasalnya, PN Jakarta Pusat tidak memiliki kewenangan untuk mengadili perkara terkait pemilu.Selain itu, putusan PN Jakarta Pusat dinilai melanggar Undang-Undang Dasar 1945 yang menyebutkan bahwa pemilu harus dilaksanakan setiap lima tahun sekali.KPU menyatakan akan mengajukan banding terkait putusan penundaan Pemilu 2024 tersebut."
14,"""Jadi kita akan berjuang di pemilu yang akan datang, pemilu yang baik, kondusif, dan kualitas yang lebih baik dari yang dulu dulu dan yang terpenting pemilu yang jujur dan adil,"" ujarnya.Pertemuan dua sahabatKunjungan Surya Paloh ini merupakan balasan dari kunjungan Prabowo Subianto ke Kantor DPP NasDem pada Juni tahun lalu. ""Jadi ini adalah pertemuan dua sahabat yang kebetulan hari ini kita berkecimpung di bidang politik sebagai warga negara, sebagai patroliotin,"" ujarnya.Pada pertemuan Juni lalu, Prabowo dan Surya masih membuka peluang Gerindra dan NasDem menjalin koalisi.NasDem dan Gerindra sama-sama telah memiliki koalisiNasDem saat ini diketahui tengah mematangkan Koalisi Perubahan bersama Partai Demokrat dan Partai Keadilan Sejahtera (PKS). Ketiga partai itu telah sepakat untuk mengusung mantan Gubernur DKI Jakarta, Anies Baswedan, sebagai calon presiden.Sementara Gerindra telah membangun Koalisi Kebangkitan Indonesia Raya dengan Partai Kebangkitan Bangsa (PKB)."
15,"""Tim investigasi Komnas HAM ini tidak melibatkan TNI-Polri karena mereka sebagai pihak yang diperiksa Komnas HAM konteks peristiwa Wamena,"" ujar dia pada Jum'at 3 Maret 2023.Ihwal perkembangan investigasi, Hari mengatakan tim independen Komnas HAM masih mengembangkan fakta-fakta di lapangan. Makanya tadi dibilang untuk memperdalam investigasi pekan depan untuk turunkan tim ke Wamena,"" kata Hari.Dipicu Isu Penculikan AnakKekerasan di Wamena, Papua, 23 Februari 2023 bermula dari rumor penculikan anak oleh dua orang pedagang. ""Itu kami mau nuntut melaporkan peristiwa di Wamena dan kami follow up peristiwa sebelumnya kami laporkan yaitu laporan penyiksaan TNI di puncak dan itu dilakukan kepada anak di bawah umur,"" kata Koordinator Lapangan Aksi Front Mahasiswa Papua Rudi Kogoya.Baca Juga: Warga Wamena Ricuh karena Isu Penculikan Anak, Massa Bakar Ruko hingga Lempari Polisi dengan Batu"
16,"Keputusan tersebut tertuang dalam putusan perdata yang diajukan Partai Prima dengan tergugat Komisi Pemilihan Umum.Menghukum tergugat (KPU) untuk tidak melaksanakan sisa tahapan Pemilihan Umum 2024 sejak putusan ini diucapkan dan melaksanakan tahapan Pemilihan Umum dari awal selama lebih kurang 2 tahun 4 bulan tujuh hari, seperti dikutip dari salinan putusan, Kamis, 2 Maret 2023.Vonis Pengadilan Negeri Jakarta Pusat itu menambah daftar pewacana penundaan Pemilu 2024. Hal ini disampaikan Airlangga seusai bertemu Ketua Umum Partai NasDem Surya Paloh di NasDem Tower, Jakarta, Kamis, 10 Maret 2022.Kita musti mengerti yang namanya aspirasi itu tidak boleh ditolak, apalagi kita suara Golkar suara rakyat, tutur Airlangga.Lagi pula, kata Airlangga, Presiden Joko Widodo atau Jokowi menyatakan bahwa aspirasi demokratis tetap harus dipegang teguh. Dalam sebuah video wawancara yang diunggah YouTube, Luhut mengklaim memiliki data bahwa wacana penundaan pemilu didukung oleh 110 juta warganet.Ia menepis tudingan sejumlah pihak yang meragukan validitas data tersebut, maupun tudingan yang menyebut bahwa big data itu tidak benar.Ya pasti adalah, masa bohong, kata Luhut usai menghadiri acara Kick-off DEWG Presidensi G-20 2022 di Hotel Grand Hyatt, Jakarta, Selasa, 15 Maret 2022.Pilihan Editor: Penundaan Pemilu 2024 Bisa Buat Jokowi 3 Periode?"
17,"TEMPO.CO, Jakarta -Wakil Presiden Ma'ruf Amin mengusulkan agar depo Pertamina di Plumpang, Jakarta Utara dipindah menjauhi permukiman penduduk pascaterbakar pada Jumat malam kemarin. Selain di kawasan Plumpang, Ma'ruf mengatakan bakal meminta agar obyek vital pemerintah lain yang lokasinya berdempetan dengan pemukiman warga untuk dievaluasi.Erick Thohir Tinjau Obyek Vital BUMN di Pemukiman MasyarakatSementara itu, Menteri BUMN Erick Thohir yang turut mengunjungi lokasi kebakaran, mengatakan sudah sejak lama menekankan untuk mengevaluasi objek vital pemerintah yang berada di lingkungan masyarakat. ""Penyebab kejadian masih dalam proses investigasi,"" kata Area Manager Communication, Relation & CSR Pertamina Patra Niaga Regional Jawa Bagian Barat Eko Kristiawan.Eko juga menambahkan pihaknya saat ini fokus pada penanganan kebakaran pipa penerimaan BBM di Integrated Terminal BBM Jakarta, Plumpang."
18,"KPU tegas menolak putusan PN tersebut dan ajukan banding, kata Idham pada Kamis lalu.Pasal 431 UU Pemilu menyatakan bahwa pemilu lanjutan digelar sebagian atau di seluruh wilayah Indonesia jika terjadi kerusuhan, gangguan keamanan, bencana alam, atau gangguan lainnya yang mengakibatkan sebagian tahapan penyelenggaraaan pemilu tidak dapat dilaksanakan. Perintah tersebut tertuang dalam putusan perdata yang diajukan Partai Prima dengan tergugat KPU.Menghukum tergugat (KPU) untuk tidak melaksanakan sisa tahapan Pemilihan Umum 2024 sejak putusan ini diucapkan dan melaksanakan tahapan Pemilihan Umum dari awal selama lebih kurang 2 tahun 4 bulan tujuh hari, seperti dikutip dari salinan putusan, Kamis, 2 Februari 2023.Adapun ketua majelis hakim yang menyidangkan gugatan tersebut adalah T. Oyong, dengan hakim anggota H. Bakri dan Dominggus Silaban.Dalam putusannya, majelis hakim menyatakan KPU telah melakukan perbuatan melawan hukum. Adapun perbuatan melawan hukum yang dimaksud adalah KPU menyatakan Partai Prima tidak memenuhi syarat dalam tahapan verifikasi administrasi partai politik calon peserta pemilu.Selain penundaan, pengadilan juga menghukum KPU membayar ganti rugi materiil sebanyak Rp 500 juta."
19,"""Kontak antara Rabuka dengan Wenda ini bisa merusak hubungan bilateral Fiji-Indonesia yang berdasarkan prinsip saling menghargai kedaulatan dan keutuhan wilayah,"" kata pengajar Universitas Padjadjaran tersebut pada Sabtu, 4 Maret 2023.Reza mengatakan dalam jangka pendek, pertemuan antara Sitivani Rabuka dan Benny Wenda bisa menguntungkan gerakan separatis Papua. ""Dimana Wenda akan mendapat dukungan dari kalangan Melanesia di Pasifik Selatan, yakni pemerintah, kalangan dunia usaha, agama, dan masyarakat umum,"" kata dia melalui pesan tertulis saat dihubungi Tempo.Namun, Reza menyebut komunikasi Rabuka-Wenda berpotensi berakibat buruk terhadap hubungan bilateral antara RI dengan Fiji ke depan karena bisa memancing respon negatif dari masyarakat. Sekiranya pemerintah Indonesia dapat membuktikan sudah terjadinya integrasi budaya dalam masyarakat Indonesia di Provinsi Papua dan Provinsi Papua Barat, di mana semuanya hidup damai sebagai penduduk Indonesia,"" kata Reza.Indonesia Kecewa pada FijiSebelumnya, Pemimpin Persatuan Gerakan Pembebasan Papua Barat (ULMWP) Benny Wenda membagikan foto pertemuannya dengan Perdana Menteri Fiji Sitivani Rabuka."
20,"Namun T Oyong memvonis lepas Nyi Roro Kidul palsu itu dari segala tuntutan.Padahal Jaksa menganggap Siska terbukti melakukan hal sebagaimana dakwaan jaksa penuntut umum (JPU) melanggar Pasal 378 Jo Pasal 55 ayat (1) ke 1 KUHP serta pencucian uang sebagaimana diatur dan diancam pidana dalam Pasal 3 UU RI No. Kasus perobek dan pembuang Al-Quran Doni Irawan MalayHakim Oyong pernah pula menangani kasus perobek dan pembuang Al-Quran Masjid Raya Al-Mashun Kota Medan, Doni Irawan Malay. Namun, vonis tersebut lebih ringan dari tuntutan JPU yang menginginkan agar Doni dihukum empat tahun penjara.Pilihan Editor: Profil 3 majelis Hakim PN Jakarta Pusat yang Putuskan KPU Tunda Pemilu 2024, Ini SosoknyaIkuti berita terkini dari Tempo di Google News, klikdi sini."
21,"Ini juga untuk menegaskan kepada publik bahwa KPU siap menyelenggarakan pemilu sesuai dengan jadwal,"" kata dia melalui pesan tertulis kepada Tempo.Selain itu, Khoirunnisa merasa ada kejanggalan dari Pengadilan Negeri Jakarta Pusat yang menerima pengajuan gugatan Partai Prima atas KPU. Namun, hal itu dibatasi oleh kondisi yang genting seperti bencana alam dan juga dilakukan di daerah yang terdampak saja bukan seluruh daerah,"" kata Khoirunnisa.Putusan PN Jakpus Bisa Menjadi Preseden BurukOleh ssebab itu, Khoirunnisa menilai putusan Pengadilan Negeri Jakarta Pusat bisa menimbulkan preseden buruk ke depan. ""Menghukum tergugat (KPU) untuk tidak melaksanakan sisa tahapan Pemilu 2024 sejak putusan ini diucapkan dan melaksanakan tahapan Pemilihan Umum dari awal selama lebih kurang 2 tahun 4 bulan tujuh hari, seperti dikutip dari salinan putusan, Kamis, 2 Maret 2023.Sementara itu, KPU akan menempuh upaya hukum banding terhadap putusan Pengadilan Negeri Jakarta Pusat tersebut."
22,"""Sektor pariwisata sebagai salah satu sektor yang potensial di kawasan itu diharapkan mampu menjadi akselerator pemerataan pembangunan,"" kata Lestari, Sabtu, 4 Maret 2023.Pada ajang East Indonesia Investment Summit 2023 di Makassar, Sulawesi Selatan (Sulsel), Jumat, 3 Maret 2023, Menteri Pariwisata dan Ekonomi Kreatif Sandiaga Uno menargetkan investasi US$ 100 juta dari sektor pariwisata di kawasan timur Indonesia. Destinasi itu antara lain Likupang (Sulawesi Utara), Mandalika (NTB), dan Labuan Bajo (NTT).Menurut Lestari, dorongan untuk meningkatkan investasi di kawasan timur Indonesia selain untuk mengejar target sektor pariwisata nasional sekaligus untuk merealisasikan pemerataan pembangunan di tanah air.Apalagi, Rerie sapaan akrab Lestari melanjutkan, tren peningkatan aktivitas pariwisata mulai dirasakan. Rerie yang juga anggota Komisi X DPR RI dari Dapil II Jawa Tengah itu, sangat berharap sejumlah target itu dapat dicapai lewat penguatan kolaborasi para pemangku kepentingan dari tingkat pusat hingga daerah serta masyarakat.Selain itu dukungan pihak swasta, menurut Anggota Majelis Tinggi Partai NasDem ini, juga sangat diperlukan dalam rangka memperkuat sektor pendukung seperti sarana transpotasi dan akomodasi."
23,"""Betapa pentingnya perspektif ideologis dan aspek-aspek konstitusional tersebut,"" kata Hasto dalam sambutannya di acara Senam Sicita Peringatan Ulang Tahun PDIP ke 50 di Taman Halaman Banteng, Jakarta Pusat, Sabtu, 4 Maret 2023.Hasto menuturkan kalau suatu negara yang konstitusinya kokoh berjalan sesuai Undang-Undang Dasar 1945 dan seluruh peraturan pelaksanaan peraturan perundang-undangan, kehidupan tata pemerintahan negaranya akan berjalan baik.Maka dari itu Hasto mengimbau putusan penundaan pemilu mesti ditentang oleh semua pihak dan mesti disuarakan penolakannya. ""Melakukan suatu gerak yang pada dasarnya inkonstitusional untuk menunda pemilu,"" ujar Hasto.Padahal, kata Hasto, Undang-Undangan Nomor 7 tahun 2017 tentang Pemilu telah jelas mengatur sengketa yang berkaitan dengan partai politik dan peserta pemilu hanya dilakukan oleh Bawaslu dan Pengadilan Tinggi Usaha Negara (PTUN). Adapun perbuatan melawan hukum yang dimaksud adalah KPU menyatakan Partai Prima tidak memenuhi syarat dalam tahapan verifikasi administrasi partai politik calon peserta pemilu.Pilihan Editor: Putusan Soal Penundaan Pemilu 2024 Dinilai Cacat Hukum Karena Lampaui Yuridiksi"
24,"Perintah tersebut tertuang dalam putusan perdata yang diajukan Partai Prima dengan tergugat Komisi Pemilihan Umum.Menghukum tergugat (KPU) untuk tidak melaksanakan sisa tahapan Pemilihan Umum 2024 sejak putusan ini diucapkan dan melaksanakan tahapan Pemilihan Umum dari awal selama lebih kurang 2 tahun 4 bulan tujuh hari, seperti dikutip dari salinan putusan, Kamis, 2 Maret 2023.Putusan tersebut dibacakan oleh Majelis Hakim pada Kamis, 2 Maret 2023. Adapun perbuatan melawan hukum yang dimaksud adalah KPU menyatakan Partai Prima tidak memenuhi syarat dalam tahapan verifikasi administrasi partai politik calon peserta pemilu.Atas keputusan itu, Partai Prima mengajukan gugatan secara perdata ke PN Jakarta Pusat pada Desember 2022. Dan hasilnya, Majelis Hakim PN Jakarta Pusat mengabulkan gugatan tersebut dengan memerintahkan KPU menunda Pemilu 2024.Selain penundaan, pengadilan juga menghukum KPU membayar ganti rugi materiil sebanyak Rp 500 juta."
25,"INFO NASIONAL - Menteri Pertanian Syahrul Yasin Limpo meminta organisasi Rumah Petani Nelayan Nusantara (RPNN) untuk menggunakan anggaran Kredit Usaha Rakyat (KUR) sebagai dukungan bersama dalam meningkatkan produktivitas. Kami tidak ada bantuan karena yang ada hanya gagasan,"" kata Syahrul saat membuka rapat kerja nasional RPNN di komplek Pusat Pelatihan Manajemen Kepemimpinan (PPMK) Ciawi, Bogor, Jawa Barat, Sabtu, 4 Maret 2023.Syahrul menjelaskan, Kredit Usaha Rakyat adalah program yang dicanangkan Presiden Jokowi dalam membantu petani mendapatkan akses perkreditan. Percayalah pertanian itu kokoh dan kuat,"" kata Syahrul.Ketua RPNN, Slamet, mengatakan organisasinya terdiri dari berbagai kalangan yang memiliki misi sama yaitu mewujudkan petani nelayan sejahtera."
26,"Sekretaris Jenderal PSI Dea Tunggaesti mengatakan gugatan dan putusan penundaan pemilu tersebut salah alamat.PN Jakarta Pusat tidak berwenang untuk memerintahkan penundaan pemilu karena itu memang wewenang khusus yang hanya dimiliki oleh KPU dengan alasan tertentu seperti kejadian bencana alam, kata Dea pada Sabtu 4 Maret 2023.Oleh sebab itu, Dea menyebut PSI akan membela KPU banding hingga ke tingkat kasasi. ""Menghukum tergugat (KPU) untuk tidak melaksanakan sisa tahapan Pemilu 2024 sejak putusan ini diucapkan dan melaksanakan tahapan Pemilihan Umum dari awal selama lebih kurang 2 tahun 4 bulan tujuh hari, seperti dikutip dari salinan putusan, Kamis, 2 Maret 2023.Sementara itu, KPU akan menempuh upaya hukum banding terhadap putusan Pengadilan Negeri Jakarta Pusat tersebut. KPU tegas menolak putusan PN tersebut dan ajukan banding, kata Idham saat dihubungi, Kamis, 2 Maret 2023.Pilihan Editor: PN Jakarta Pusat Putuskan Pemilu 2024 Ditunda, Wamenkumham: Itu Belum Inkrah"
27,"TEMPO.CO, Jakarta - Komisi Pemberantasan Korupsi (KPK) menyatakan telah mengetahui laporan mengenai adanya dugaan keterlibatan jaringan pencuci uang profesional dalam transaksi mantan pejabat Direktorat Jenderal Pajak Kementerian Keuangan, Rafael Alun Trisambodo. Deputi Pencegahan dan Monitoring KPK Pahala Nainggolan mengatakan pihaknya akan fokus terlebih dahulu mencari tindak pidana korupsinya terlebih dahulu.Meski begitu, Pahala mengtakan KPK tetap akan memperhatikan laporan yang dikeluarkan oleh Pusat Pelaporan dan Analisis Transaksi (PPATK) tersebut. KPK mengurus kalo kejahatannya korupsi, dari situ TPPU bisa ditindak oleh KPK, ujar dia melalui pesan tertulis.Selanjutnya, PPATK sebut keterlibatan jasa pencucian uang profesionalSebelumnya, PPATK menyebut ada dugaan Rafael Alun menggunakan jasa jaringan pencucian uang profesional dalam aktivitas transaksinya."
28,"TEMPO.CO, Jakarta - Munculnya kasus harta kekayaan pejabat tak wajar seperti yang dimiliki mantan Kepala Bagian Umum Kantor Pajak Wilayah Jakarta Selatan II Rafael Alun Trisambodo, dinilai karena lemahnya pengawasan terhadap illicit enrichment atau penambahan kekayaan pejabat secara tidak wajar. Karena sampai sekarang belum ada Undang-undang Perampasan Aset,"" ujar Direktur Eksekutif Kemitraan tersebut pada kepada Tempo via pesan tertulis pada Sabtu, 4 Maret 2023.KPK akui sulit melakukan penindakan terhadap pejabat yang memiliki kekayaan tak wajarKPK sempat mengakui masih kesulitan melakukan penindakan terhadap pejabat yang memiliki kekayaan tidak wajar. Wakil Ketua KPK Nawawi Pomolango menyebut Komisi terhambat karena belum adanya regulasi yang mengakomodasi penindakan terhadap kekayaan tidak wajar para pejabat negara.Sebenarnya itu wajib untuk diadopsi, kata Nawawi pada Kamis 2 Februari 2023 di kantornya, Gedung Merah Putih KPK."
29,"Diringkas waktunya dan semua agenda pemilu dibikin lebih dini pelaksanaannya, ujarnya dia melalui pesan tertulis.Meski begitu, Mustofa menyebut Partai Ummat mendukung penuh pemilu mendatang dilaksanakan sesuai jadwal yang telah ditetapkan oleh KPU. Tolong jangan diabaikan begitu saja, ujarnya.Oleh sebab itu, Mustofa menilai putusan penundaan pemilu mendatang sebagai suatu keputusan yang konyol. Dalam putusannya, PN Jakarta Pusat menghukum KPU untuk tidak melaksanakan sisa tahapan Pemilu 2024 dan mengulang tahapan pemilu dari awal."
30,"""Soal Mas Sandi saya kira Mas Sandi sudah menjawab berkali-kali di semua forum, bahwa dia patuh dan akan menaati putusan partai,"" kata Prabowo saat konferensi pers usai menerima kunjungan Ketua Umum Partai NasDem, Surya Paloh di kediamannya di Hambalang, Kabupaten Bogor, Jawa Barat, Ahad, 5 Maret 2023.Ia menegaskan bahwa Partai Gerindra sudah mendeklarasikan dirinya sebagai calon presiden dalam Pilpres 2024. ""Soal koalisi, soal capres, cawapres kita sudah sepakat menghormati keputusan politik masing-masing,"" kata Prabowo.Prabowo juga tolak berpasangan dengan Anies BaswedanPrabowo pun mengaku menghormati keputusan Surya Paloh yang telah mengusung Anies Baswedan sebagai calon presiden bersama Partai Demokrat dan PKS.Ketika ditanya mengenai kesediaannya untuk diduetkan dengan Anies Baswedan, Prabowo kembali menegaskan bahwa ia dan Surya Paloh sepakat menghormati keputusan masing-masing dalam menyongsong Pemilu. Menteri Pariwisata dan Ekonomi Kreatif itu bahkan sempat disebut akan pindah ke Partai Persatuan Pembangunan (PPP) untuk memuluskan langkahnya bertarung pada Pilpres 2024.Pelaksana tugas Ketua Umum PPP, Muhammad Mardiono, bahkan sempat secara terang-terangan menyatakan Sandiaga Uno telah mendapatkan restu dari Prabowo Subianto untuk hengkang."
31,"Di tahun 2018, luas panenya sebesar 156.779 ha dengan produksi 1,50 juta ton, 2019 seluas 159.195 ha dengan produksi 1,58 juta ton, 2020 seluas 186.900 ha dengan produksi 1,82 juta ton, 2021 seluas 194.575 ha dengan produksi 2,0 juta ton dan 2022 seluas 185.051 dengan produksi 1,99 juta ton. ""Tahun 2023 ini, para Champion telah menyatakan komitmennya untuk mengkonsolidasikan pasokan bawang merah sebanyak 5.750 ton dan aneka cabai sebanyak 2.750 ton sebagai stok cadangan Kementerian Pertanian jika sewaktu-waktu diperlukan terutama pada momentum Hari Besar Keagamaan Nasional seperti Puasa, Lebaran, Idul Adha, Natal dan Tahun Baru,"" tutur SYL.Wamendag Jerry Sambuaga memberikan mengaparesiasi kepada SYL yang menyelenggarakan panen bawang merah dan berhasil meningkatkan produksinya, serta menjadikan neraca perdagangan tahun 2022 surplus Rp 54,46 miliar, tertinggi sepanjang sejarah Republik Indonesia. Oleh karena itu, kita harus menjaga sinergitas untuk kepentingan masyarakat,"" tuturnya.Sementara itu, Pj Bupati Brebes, Urip Sihabudin mengatakan kunjungan ini menjadi penting karena pemantauan ketersediaan bawang merah di kabupaten Brebes dilakukan langsung oleh Menteri Pertanian dan Wakil Menteri Perdagangan untuk mengamakan pasokan bawang merah menjelang Ramadan dan Hari Raya Idul Fitri 2023.Kabupaten Brebes memberikan dukungan penuh untuk stabilitas pasokan dan harga bawang merah nasional dengan kesiapan produksi lebih dari 15.000 ton bawang merah di bulan Maret untuk pemenuhan kebutuhan menjelang hari besar keagamaan nasional bulan Ramadhan dan Idul Fitri."
32,"Eko Darmanto yang dijadwalkan pada pekan depan, Selasa 7 Maret 2023 di Gedung Merah Putih KPK,"" kata Ipi Maryati melalui keterangan tertulis yang diterima pada Ahad, 5 Maret 2023.Ipi mengatakan salah satu pemeriksaan yang dijalani oleh Eko Darmanto adalah pemeriksaan administrasi atau verifikasi. ""Dalam pemeriksaan ini KPK melakukan verifikasi terhadap kelengkapan surat kuasa, apakah wajib lapor telah melampirkan surat kuasa atas nama wajib lapor, pasangan, dan anak tanggungan,"" kata dia.KPK akan memeriksa apakah ada atau tidak kesalahan dalam LHKPN EkoSelain itu, Ipi menyebut pemeriksaan verifikasi nantinya tidak akan hanya mengenai surat kuasa saja. ""Selanjutnya adalah proses klarifikasi, yang merupakan salah satu tahap pemeriksaan substantif jika menurut penilaian pemeriksa harus dilakukan,"" ujar Ipi.Eko kerap memamerkan hartanya di media sosialHarta kekayaan Eko Darmanto menjadi sorotan masyarakat setelah dia disebut kerap memamerkannya di media sosial Instagram."
33,"Dia menyatakan mereka saat ini tengah sibuk mempersiapkan pemilu dengan sejumlah konsolidas, yang mana tegas kalau gerakan PAN adalah inklusifitas. ""Gerakannya sebagai partai yang inklusif, menghargai nilai kemanusiaan dan kemajemukan,"" kata dia.Sehingga menurut Viva, saat ini PAN menjadi partai yang dapat menarik perhatian publik karena banyak diminati oleh masyarakat Indonesia. Hal tersebut lantaran diikuti dengan jumlah kader baru yang masuk PAN."
34,"TEMPO.CO, Jakarta -Pengamat politik Adi Prayitno membeberkan alasan di balik fenomena berpindahnya kader partai dalam jumlah banyak ke satu partai lainnya. ""Orang kita melihat politik itu, partai tidak lebih dari sekedar kendaraan politik bukan sebagai sebuah instrumen perjuangan ideologis untuk menegakkan dan memperjuangkan nilai-nilai politik tertentu,"" kata Adi saat dihubungi, Sabtu, 4 Maret 2023.Adi berujar, karena parpol sering dianggap sebagai kendaraan yang dirental salam mobilisasi politik untuk maju dalam kontestasi baik itu pileg, pilpres atau pilkada, maka tak mengherankan mudahnya elit politik berganti partai politik.Faktor kedua, kata Adi, adalah penilaian parpol yang dianggap tidak menguntungkan elit secara politik. ""Supaya tidak semua orang mudah ke luar masuk partai,"" kata dia.Pilihan Editor: Politisi Kutu Loncat atau Hobi Pindah Partai dan Problematikanya"
35,"Menkeu Sri Mulyani berencana menyisir regulasi yang berpotensi menimbulkan konflik kepentingan pegawai Kemenkeu.Wakil Ketua KPK periode 2015-2019 itu memberikan sejumlah masukan kepada Sri Mulyani, antara lain meminta Ditjen Pajak melakukan penyidikan internal harta kekayaan para pegawainya yang dinilai tidak wajar. Selain Laode Syarif, terdapat beberapa dua bekas Pimpinan KPK Erry Riana Hardjapamekas dan Amien Sunaryadi.Ada juga Bivitri Susanti (ahli Hukum Tata Negara), Zainal Arifin Muchtar (pegiat antikorupsi UGM), Danang Widoyoko (mantan koordinator ICW), Alissa Wahid (putri mantan Presiden Abdurrahman Wahid). Hadir pula Karlina Supelli (Astronomer) dan Arief Surowidjodjo (advokat).Kemenkeu disorot publik dan Presiden Jokowi setelah kasus penganiayaan dan pamer kekayaan yang dilakukan Mario Dandy Satryo, putra Kepala Kantor Pajak Wilayah Jakarta Selatan II Rafael Alun Trisambodo.Dalam LHKPN, Rafael Alun melaporkan harta kekayaannya Rp 56 miliar."
36,"Menurut Feri, dalam Peraturan Mahkamah Agung Nomor 2 Tahun 2019 Pasal 10 dam Pasal 11 telah diatur yurisdiksi pengadilan negeri dalam penanganan perkara perbuatan melanggar hukum (PMH).Menurut aturan tersebut, jika ada pihak yang mengajukan perkara PMH ke Pengadilan Negeri, maka pengadilan negeri bakal melimpahkannya ke Pengadilan Tata Usaha Negara (PTUN) karena bukan yurisdiksinya. Perintah tersebut tertuang dalam putusan perdata yang diajukan Partai Prima dengan tergugat Komisi Pemilihan Umum.Menghukum tergugat (KPU) untuk tidak melaksanakan sisa tahapan Pemilihan Umum 2024 sejak putusan ini diucapkan dan melaksanakan tahapan Pemilihan Umum dari awal selama lebih kurang 2 tahun 4 bulan tujuh hari, seperti dikutip dari salinan putusan, Kamis, 2 Maret 2023.Putusan tersebut dibacakan oleh Majelis Hakim pada Kamis, 2 Maret 2023. Adapun perbuatan melawan hukum yang dimaksud adalah KPU menyatakan Partai Prima tidak memenuhi syarat dalam tahapan verifikasi administrasi partai politik calon peserta pemilu.Atas keputusan itu, Partai Prima mengajukan gugatan secara perdata ke PN Jakarta Pusat pada Desember 2022."
37,"TEMPO.CO, Jakarta - Menteri BUMN Erick Thohir mengunjungi korban kebakaran Depo Pertamina Plumpang, Jakarta Utara, siang tadi, Sabtu, 4 Maret 2023, bersama Wakil Presiden Ma'ruf Amin. Mereka datang dikawal Banser (Barisan Ansor Serbaguna) NU.Tempo menyaksikan sepuluh anggota Banser dengan atribut pakaian loreng hijau dan baret hitam mengawal Erick Thohir dan Ma'ruf melihat puing-puing rumah korban kebakaran Depo Pertamina Plumpang.Banser sampai membentuk rantai manusia melingkari Erick Thohir untuk memberi jarak dengan masyarakat.Komandan Banser NU DKI Jakarta Abdul Mufid menjelaskan pengawalan di lokasi kebakaran Depo Pertamina Plumpang tersebut tanpa perencanaan. ""Banser memang sedang bertugas di posko di lokasi kebakaran, secara kebetulan bertemu saat Pak Erick kunjungan,"" kata Mufid saat dihubungi Tempo.Mufid menyebut Erick Thohir adalah Anggota Kehormatan Banser NU, yang dikukuhkan sejak November 2021."
38,"""Pasangan Anies-AHY cenderung lebih signifikan menang dari beberapa simulasi, baik simulasi 4 pasang, 3 pasang maupun 2 pasang,"" ujarnya saat dihubungi, Sabtu, 4 Maret 2023.Data Survei Voxpol per September 2022 lalu menunjukan dengan simulasi model empat pasangan, persentase kemenangan paslon Anies -AHY selalu unggul, dimana eletabilitasnya rata-ratanya di 30 persen ke atas.Misalnya saja, salah satu simulasi dengan empat pasangan. ""Anies-AHY terjadi penguatan di DKI, Banten dan Jawa Barat sedangkan Anies-Khofifah hanya menguat di Jawa Timur,"" ungkapnya.Demokrat Inginkan AHY Jadi CawapresSekretaris Majelis Tinggi Partai Demokrat Andi Mallarangeng mengatakan sosok calon wakil presiden diserahkan sepenuhnya pada Anies Baswedan. Kendati demikian, Andi menyebut partainya sudah menyampaikan jika ingin menang, maka pasangan yang disodorkan pada 2024 hendaknya Anies bersama Ketua Umum Demokrat Agus Harimurti Yudhoyono alias AHY.Kalau kami Partai Demokrat, yang kami sampaikan adalah, kalau mau menang ya Anies-AHY, kata Andi di Kantor DPP Partai Demokrat, Kamis, 2 Maret 2023.Pada Kamis, 2 Maret 2023, Anies menyambangi Kantor Demokrat untuk berkenalan dengan jajaran Majelis Tinggi Partai."
39,"Karena sampai sekarang belum ada Undang-Undang Perampasan Aset,"" ujar Laode pada kepada Tempo pada Sabtu lalu, 4 Maret 2023, via pesan tertulis.Harta kekayaan pejabat negara, terutama di kemenkeu, menjadi sorotan publik setelah harta kejayaan pejabat pajak Rafael Alun Trisambodo terungkap di media. Menurut LHKPN dia memiliki harta kekayaan Rp 56 miliar yang dinilai tidak wajar karena dia pejabat Eselon III.Menurut Laode Muhammad Syarief, LHKPN belum ada sistem red flag yang otomatis menandai harta pejabat negara yang janggal. Salah satunya, LHKPN tidak mencakup kenaikan nilai harta sehingga seringkali harta kekayaan pejabat membengkak meski sejatinya tidak memiliki penambahan wujud materiil.Dia mencontohkan, pejabat beli tanah pada 2010 seharga Rp 1 miliar sehingga sekarang bisa menjadi Rp 5 miliar."
40,"""Terkait kasus itu semua harus diproses secara tegas,"" kata Sigit di Yogyakarta Jumat 3 Maret 2023.Kasus tersebut terungkap ketika tim Divisi Propam Polri melakukan operasi tangkap tangan (OTT) pada lima personel Polda Jateng yang bertindak sebagai panitia seleksi dalam penerimaan bintara tahun anggaran 2022. Dalam OTT itu disebutkan juga ditemukan barang bukti uang senilai miliaran rupiah.Kapolda Jawa Tengah Inspektur Jenderal Polisi Ahmad Luthfi yang mendampingi Sigit dalam lawatan ke Yogyakarta mengatakan, kasus dugaan suap penerimaan bintara itu terjadi tahun 2022 silam. ""Tahun kemarin kejadiannya, proses hukumnya telah berjalan, mereka (lima personel yang diduga terlibat) sudah diajukan menjalani sidang KKEP (Komisi Kode Etik Polri),"" kata Luthfi.Luthfi menambahkan dari sidang etik yang sudah dilakukan, diketahui suap penerimaan bintara di lingkungan Polda Jateng itu berasal dari unsur panitia pelaksana seleksi."
41,"""Pasangan Anies-AHY cenderung lebih signifikan menang dari beberapa simulasi, baik simulasi 4 pasang, 3 pasang maupun 2 pasang,"" ujarnya saat dihubungi, Sabtu, 4 Maret 2023.Data Survei Voxpol per September 2022 lalu menunjukan dengan simulasi model empat pasangan, persentase kemenangan paslon Anies -AHY selalu unggul, dimana eletabilitasnya rata-ratanya di 30 persen ke atas.Misalnya saja, salah satu simulasi dengan empat pasangan. ""Anies-AHY terjadi penguatan di DKI, Banten dan Jawa Barat sedangkan Anies-Khofifah hanya menguat di Jawa Timur,"" ungkapnya.Demokrat Inginkan AHY Jadi CawapresSekretaris Majelis Tinggi Partai Demokrat Andi Mallarangeng mengatakan sosok calon wakil presiden diserahkan sepenuhnya pada Anies Baswedan. Kendati demikian, Andi menyebut partainya sudah menyampaikan jika ingin menang, maka pasangan yang disodorkan pada 2024 hendaknya Anies bersama Ketua Umum Demokrat Agus Harimurti Yudhoyono alias AHY.Kalau kami Partai Demokrat, yang kami sampaikan adalah, kalau mau menang ya Anies-AHY, kata Andi di Kantor DPP Partai Demokrat, Kamis, 2 Maret 2023.Pada Kamis, 2 Maret 2023, Anies menyambangi Kantor Demokrat untuk berkenalan dengan jajaran Majelis Tinggi Partai."
42,"""Satu minggu kedepan akan kita pantau, setelah mulai surut secepatnya kita lakukan tanam ulang"" kata Syahrul.Adapun, untuk lahan yang terdampak parah Syahrul akan mengganti benih padi secara gratis dan mesin pompa air. Sebab, ia memahami hal ini bukan sesuatu yang mudah, tetapi jika semua bergerak pasti semua dapat dilalui.Asisten II bidang perekonomian Kabupaten Karawang Hanafi, yang mewakili Bupati Karawang mengucapkan terimakasih kepada Menteri Pertanian atas bantuan dan kepedulian yang diberikan. Ada 4 kecamatan yang terdampak paling parah, salah satunya Kecamatan Cilebat seluas 2.485 hektar.Hanafi optimis dengan dukungan Pemerintah pusat yang diwakili oleh Kementan dapat memberikan semangat lebih bagi para petani yang terkena musibah banjir ini."
43,"""Kedepan, semua layanan perizinan kita akan melalui OSS dimana portal P3T (pelayanan perizinan terintegrasi) dilakukan secara baik dalam memudahkan pelaku usaha,"" kata Sekjen Kementan, Kasdi Subagyono saat membuka Sosialisasi dan Workshop Perizinan Berusaha untuk Menunjang Kegiatan Berusaha (PB UMKU) Pupuk dan Benih Hortikultura, Kamis, 2 Maret 2023.Kasdi mengatakan, sektor pertanian selama masa pandemi Covid-19 tumbuh meyakinkan dengan capaian PDB triwulan II 2020 sebesar 16,24 persen. Jadi pertanian itu sangat menjanjikan,"" ujarnya.Kepala Pusat Perlindungan Varietas Tanaman dan Perizinan Pertanian (PVTPP), Leli Nuryati, mengatakan, peningkatan kualitas pelayanan merupakan fasilitasi yang diberikan pemerintah dalam menciptakan iklim usaha yang sehat serta mengembangkan sektor pertanian secara baik. ""Yang pasti kami ingin meningkatkan ekosistem dan iklim usaha dengan proses perizinan yang lebih efektif dan mengubah dari pendekatan ex-ante atau pemenuhan persyaratan di muka, menjadi ex post atau verifikasi,"" kata dia.Meski demikian, Leli melanjutkan, pihaknya juga terus melakukan evaluasi terhadap layanan yang ada saat ini."
44,"Maruf Amin saat membuka Munas Gapki XI di Istana Wapres Jakarta, Jumat, 3 Maret 2023.Kemitraan, kata wapres, merupakan kata kunci sekaligus solusi bagi industri sawit yang mendasari manfaat berkelanjutan dan saling menguntungkan. ""Yang kedua bisa melakukan pendampingan dan bimbingan sertifikasi untuk menciptakan sistem usaha perkebunan yang layak dan memiliki nilai ekonomi dan ramah lingkungan,"" katanya.Wapres berharap, pengusaha sawit dapat meningkatkan program CSR untuk kepentingan masyarakat yang lebih luas. Juga yang tak kalah penting adalah saat ini ada 34.000 pondok pesantren di Indonesia dengan jumlah santri tidak kurang dari 4,76 juta orang, dimana sekitar 44,2 persen pesantren punya beragam potensi ekonomi mulai dari pengembangan koperasi UMKM, peternakan dan perkebunan,"" katanya.Selama ini, tambah Menteri Pertanian Syahrul Yasin Limpo (Mentan SYL), industri perkebunan sawit selalu menjadi modal dasar bagi bangsa Indonesia dalam memperkokoh ekonomi di saat pandemi."
45,"TEMPO.CO, Malang - Menteri Pendayagunaan Aparatur Negara dan Reformasi Birokrasi (Menpan RB) Abdullah Azwar Anas mengatakan minat aparatur sipil negara berusia muda pindah ke Ibu Kota Negara Nusantara cukup tinggi. Justru banyak yang ingin ke sana, terutama anak-anak muda milenial,"" kata mantan Bupati Banyuwangi itu pada wartawan di Malang, Jawa Timur, Jumat, 3 Maret 2023.Menpan RB menjelaskan para ASN muda yang berminat untuk pindah ke IKN dikarenakan nantinya di tempat baru mereka bekerja dengan sistem berbasis teknologi atau yang biasa dikenal dengan sebutan sistem pemerintahan berbasis elektronik (SPBE).Menurut Azwar Anas anak-anak muda tersebut menganggap penerapan sistem berbasis teknologi menjadi sebuah peluang yang menjanjikan sehingga minat para ASN muda untuk pindah ke Nusantara cukup tinggi. Pemerintah telah bertemu dengan 90 investor dari Negeri Sakura itu.Puluhan investor tersebut terdiri atas pengembang hunian, perusahaan bidang infrastruktur/transportasi, pembangun tata kelola pipa gas, dan perusahaan di bidang telekomunikasi di IKN Nusantara.Pilihan Editor: Tinjau Pembangunan Rumah Menteri di IKN, Jokowi: Target Selesai Juni 2024"
46,"Deputi Pencegahan dan Monitoring KPK Pahala Nainggolan mengatakan saat itu KPK terhalang kewenangan.Pahala mengatakan laporan PPATK pada 2012 lalu merupakan hasil analisis transaksi tahun 2003-2011. Ini kan transaksi 2003-2011. padahal yang bersangkutan baru wajib lapor tahun 2011,"" kata Pahala dalam keterangan tertulis pada Jum'at, 3 Maret 2023.Selain itu, Pahala mengatakan laporan analisis PPATK tersebut sejatinya ditujukan bukan untuk KPK. ""Tapi karena periodenya jauh pada saat ini kita perihitungkan dalam pemeriksaan tapi polanya saja kita ambil, kira-kira kaya mana sih orang ini jalannya,"" ujar dia.Selain itu dalam kesempatan sebelumnya, Pahala menyebut KPK pernah memanggil Rafael Alun pada 2018 lalu."
47,"TEMPO.CO, Jakarta - Kapolri Jenderal Listyo Sigit Prabowo menemui Gubernur Daerah Istimewa Yogyakarta (DIY) Sri Sultan Hamengku Buwono X di Gedhong Wilis, Kompleks Kepatihan Yogyakarta Jumat 3 Maret 2023.Dalam pertemuan yang berlangsung selama lebih dari dua jam itu Kapolri dan Sultan HB X mengaku banyak membahas situasi keamanan dan ketertiban masyarakat (Kamtibmas) di wilayah Yogyakarta.Kami banyak membahas terkait situasi Kamtibmas,"" kata Sigit usai pertemuan itu.Sebelum kunjungan Kapolri, sejumlah kasus kekerasan di jalanan di Yogyakarta sempat viral di media sosial dan membuat kota wisata itu menjadi trending topic.Terakhir, kejadian awal Februari 2023 lalu di Titik Nol Kilometer. Ketika sejumlah remaja terekam membawa senjata tajam dan terlibat perkelahian dengan kelompok remaja lain meski kawasan itu sedang ramai warga dan wisatawan.Hanya saja, dalam pertemuan Kapolri dengan Sultan HB X itu, tak dijelaskan rinci situasi Kamtibmas yang dimaksud.Sigit hanya menuturkan, dalam pertemuan itu, Polri perlu mengambil langkah-langkah antisipatif. ""Saat ini, di Yogyakarta telah memiliki komunitas Jaga Warga dari unsur masyarakat, yang bisa membantu aparat mengantisipasi potensi gangguan keamanan dari tingkat desa atau kelurahan,"" kata Sultan.Harapan kami kasus-kasus kekerasan semakin berkurang, biarpun yang terakhir sempat terjadi di TItik Nol Kilometer itu, ujar Sultan.Pilihan Editor:Muhaimin Iskandar Usul Jabatan Gubernur Dihapus, Sultan HB X : Wewenang Pemerintah Pusat"
48,"Harapannya ada pemantauan risiko kesehatan, termasuk jika ada potensi risiko stunting pada bayi sejak dalam kandungan, kata Direktur Jaminan Perlayanan Kesehatan, Lily Kresnowati.Dalam layanan kesehatan untuk kehamilan, BPJS Kesehatan menjamin pemeriksaan kehamilan atau Ante Natal Care (ANC) baik di FKTP maupun di rumah sakit sesuai indikasi medis serta sesuai dengan sistem rujukan yang berlaku. Pelayanan PNC dilakukan sebanyak 4 kali pemeriksaan yang mencakup 3 kali pemeriksaan ibu dan bayi dan 1 kali pemeriksaan ibu.Pada tahun 2022, BPJS Kesehatan menanggung biaya maternal dan neonatal yang dilakukan di FKTP sebesar Rp681,87 Miliar yang terdiri dari 2.678.592 kasus. Besar harapan kami adanya peningkatan tarif ini dapat lebih mengoptimalkan layanan bagi peserta JKN, ujar dia.Dalam pelayanan persalinan, BPJS Kesehatan juga menjamin pengambilan sampel Skrining Hipotiroid Kongenital (SHK), sebagai upaya skrining gangguan tumbuh kembang dan bahkan gangguan kognitif."
49,"Utang sudah terkendali, kata Erick dalam orasi ilmiah sidang senat terbuka Fakultas Ekonomi Bisnis (FEB) Universitas Brawijaya, Jumat, 3 Maret 2023.Erick mendapat gelar doktor kehormatan, setelah menyampaikan orasi ilmiah berjudul Enternitas Transformasi BUMN dalam sidang senat FEB UB anugerah doktor kehormatan. Sekitar 80-an mahasiswa yang tergabung dalam Aliansi Mahasiswa Resah (Amarah) Universitas Brawijaya menolak pemberian gelar Doktor Honoris Causa tersebut.Puluhan mahasiswa itu menggelar demonstrasi di dekat gedung Samantha Krida Universitas Brawijaya yang menjadi lokasi acara penganugerahan gelar pada Jumat, 3 Maret 2023. Mereka bahkan telah berkumpul sejak acara belum dimulai.Akan tetapi langkah para mahasiswa itu terhenti karenamereka dilarang mendekati lokasi sidang senat terbuka di gedung Samantha Krida Universitas Brawijaya oleh aparat kepolisian dan satuan pengamanan kampus.Kami didorong dilarang mendekat untuk menyampaikan aspirasi langsung."
